"store","websites","attribute_set","prodtype","related","upsell","crosssell","tier_prices","associated","config_attributes","bundle_options","bundle_selections","grouped","group_price_price","downloadable_options","downloadable_sample_options","gallery_label","qty","min_qty","use_config_min_qty","is_qty_decimal","backorders","use_config_backorders","min_sale_qty","use_config_min_sale_qty","max_sale_qty","use_config_max_sale_qty","is_in_stock","low_stock_date","notify_stock_qty","use_config_notify_stock_qty","manage_stock","use_config_manage_stock","stock_status_changed_auto","use_config_qty_increments","qty_increments","enable_qty_increments","is_decimal_divided","use_config_enable_qty_increments","use_config_enable_qty_inc","stock_status_changed_automatically","product_id","store_id","additional_attributes","assign_product_id","brand","category_ids","color","config_assign_simple_id","cost","country_of_manufacture","created_at","custom_design","custom_design_from","custom_design_to","custom_layout","custom_layout_update","custom_layout_update_file","department","description","gallery","gift_message_available","has_options","image","image_label","industry","international_shipping_amount","is_assign_product","links_exist","links_purchased_separately","links_title","manufacturer","meta_description","meta_keyword","meta_title","minimal_price","msrp","msrp_display_actual_price_type","name","national_shipping_amount","news_from_date","news_to_date","options_container","page_layout","price","price_view","product_approval","quantity_and_stock_status","required_options","samples_title","seller_id","short_description","size","sku","small_image","small_image_label","special_from_date","special_price","special_to_date","status","stripe_sub_enabled","stripe_sub_initial_fee","stripe_sub_interval","stripe_sub_interval_count","stripe_sub_trial","swatch_image","tax_class_id","thumbnail","thumbnail_label","type_of_store","updated_at","url_key","url_path","visibility","weight",
"admin","base","Default","simple","","","","","","","","","","","","","","1000","0","1","0","0","1","1","1","10000","1","1","","1","1","1","1","0","1","1.0000","0","0","1","1","0","1","0","","","","3,4","","","149.000000","","2021-01-07 10:54:10","","","","","","","","","","Use config","0","/a/t/atc0820_form_front_trueredblack_0520151_1.png","","","","","","","","","Red T Shirt ","Red T Shirt","Red T Shirt","","","Use config","Red T Shirt","","","","Block after Info Column","","149.000000","","","Out of Stock","0","","","<p>This is good product</p>","","Red T Shirt","/a/t/atc0820_form_front_trueredblack_0520151_1.png","","2021-01-07 00:00:00","129.000000","","Enabled","No","","Months","","","/a/t/atc0820_form_front_trueredblack_0520151_1.png","Taxable Goods","/a/t/atc0820_form_front_trueredblack_0520151_1.png","","","2021-01-22 09:31:55","red-t-shirt","red-t-shirt","Catalog, Search","",
"admin","base","Default","simple","","","","","","","","","","","","","","10000","0","1","0","0","1","1","1","10000","1","1","","1","1","1","1","0","1","1.0000","0","0","1","1","0","2","0","","","","3,4","","","","","2021-01-07 15:14:34","","","","","","","","","","Use config","0","/a/t/atc9001_front_charcoalheatherblack.png","","","","","","","","","Black T Shirt ","Black T Shirt","Black T Shirt","","","Use config","Black T Shirt","","","","Block after Info Column","","149.000000","","","Out of Stock","0","","","","","Black T Shirt","/a/t/atc9001_front_charcoalheatherblack.png","","","","","Enabled","","","","","","/a/t/atc9001_front_charcoalheatherblack.png","Taxable Goods","/a/t/atc9001_front_charcoalheatherblack.png","","","2021-01-22 09:31:55","black-t-shirt","black-t-shirt","Catalog, Search","",
"admin","base","Default","simple","","","","","","","","","","","","","","111","0","1","0","0","1","1","1","10000","1","1","","1","1","1","1","0","1","1.0000","0","0","1","1","0","3","0","","","","","","","","","2021-01-15 06:36:30","","","","","","","","","","Use config","0","/p/r/product1_1.jpg","","","","","","","","","Custom Cap ","Custom Cap","Custom Cap","","","Use config","Custom Cap","","","","Block after Info Column","","111.000000","","","Out of Stock","0","","","","","Custom Cap","/p/r/product1_1.jpg","","","","","Enabled","No","","Months","","","/p/r/product1_1.jpg","Taxable Goods","/p/r/product1_1.jpg","","","2021-01-22 09:31:55","custom-cap","custom-cap","Catalog, Search","",
"admin","base","Default","simple","","","","","","","","","","","","","","99","0","1","0","0","1","1","1","10000","1","1","","1","1","1","1","0","1","1.0000","0","0","1","1","0","159","0","","","","7","Navy","","","","2021-02-05 20:09:04","","","","","","","","","","No","0","/a/t/atc5050_form_angle_sapphire_1120171_3_1.png","","","","","","","","","Dummy Product ","Dummy Product","Dummy Product","","","","Dummy Product","","","","Block after Info Column","","129.000000","","Yes","Out of Stock","0","","","","Small","Dummy Product","/a/t/atc5050_form_angle_sapphire_1120171_3_1.png","","","","","Enabled","","","","","","/a/t/atc5050_form_angle_sapphire_1120171_3_1.png","Taxable Goods","/a/t/atc5050_form_angle_sapphire_1120171_3_1.png","","","2021-02-05 20:09:04","dummy-product","dummy-product","Not Visible Individually","2.330000",
"admin","base","Default","simple","","","","","","","","","","","","","","99","0","1","0","0","1","1","1","10000","1","1","","1","1","1","1","0","1","1.0000","0","0","1","1","0","160","0","","","","7","Navy","","","","2021-02-05 20:09:26","","","","","","","","","","No","0","/a/t/atc5050_form_angle_sapphire_1120171_3_2.png","","","","","","","","","Dummy Product ","Dummy Product","Dummy Product","","","","Dummy Product","","","","Block after Info Column","","129.000000","","Yes","Out of Stock","0","","","","Medium","Dummy Product-Navy-Medium","/a/t/atc5050_form_angle_sapphire_1120171_3_2.png","","","","","Enabled","","","","","","/a/t/atc5050_form_angle_sapphire_1120171_3_2.png","Taxable Goods","/a/t/atc5050_form_angle_sapphire_1120171_3_2.png","","","2021-02-05 20:09:26","dummy-product","dummy-product","Not Visible Individually","2.330000",
"admin","base","Default","simple","","","","","","","","","","","","","","99","0","1","0","0","1","1","1","10000","1","1","","1","1","1","1","0","1","1.0000","0","0","1","1","0","161","0","","","","7","Navy","","","","2021-02-05 20:09:41","","","","","","","","","","No","0","/a/t/atc5050_form_angle_sapphire_1120171_3_3.png","","","","","","","","","Dummy Product ","Dummy Product","Dummy Product","","","","Dummy Product","","","","Block after Info Column","","129.000000","","Yes","Out of Stock","0","","","","Large","Dummy Product-Navy-Large","/a/t/atc5050_form_angle_sapphire_1120171_3_3.png","","","","","Enabled","","","","","","/a/t/atc5050_form_angle_sapphire_1120171_3_3.png","Taxable Goods","/a/t/atc5050_form_angle_sapphire_1120171_3_3.png","","","2021-02-05 20:09:41","dummy-product","dummy-product","Not Visible Individually","2.330000",
"admin","base","Default","simple","","","","","","","","","","","","","","99","0","1","0","0","1","1","1","10000","1","1","","1","1","1","1","0","1","1.0000","0","0","1","1","0","162","0","","","","7","Navy","","","","2021-02-05 20:09:58","","","","","","","","","","No","0","/a/t/atc5050_form_angle_sapphire_1120171_3_4.png","","","","","","","","","Dummy Product ","Dummy Product","Dummy Product","","","","Dummy Product","","","","Block after Info Column","","129.000000","","Yes","Out of Stock","0","","","","Xtra Large","Dummy Product-Navy-Xtra Large","/a/t/atc5050_form_angle_sapphire_1120171_3_4.png","","","","","Enabled","","","","","","/a/t/atc5050_form_angle_sapphire_1120171_3_4.png","Taxable Goods","/a/t/atc5050_form_angle_sapphire_1120171_3_4.png","","","2021-02-05 20:09:58","dummy-product","dummy-product","Not Visible Individually","2.330000",
"admin","base","Default","simple","","","","","","","","","","","","","","99","0","1","0","0","1","1","1","10000","1","1","","1","1","1","1","0","1","1.0000","0","0","1","1","0","163","0","","","","7","Navy","","","","2021-02-05 20:10:24","","","","","","","","","","No","0","/a/t/atc5050_form_angle_sapphire_1120171_3_5.png","","","","","","","","","Dummy Product ","Dummy Product","Dummy Product","","","","Dummy Product","","","","Block after Info Column","","129.000000","","Yes","Out of Stock","0","","","","2X Large","Dummy Product-Navy-2X Large","/a/t/atc5050_form_angle_sapphire_1120171_3_5.png","","","","","Enabled","","","","","","/a/t/atc5050_form_angle_sapphire_1120171_3_5.png","Taxable Goods","/a/t/atc5050_form_angle_sapphire_1120171_3_5.png","","","2021-02-05 20:10:24","dummy-product","dummy-product","Not Visible Individually","2.330000",
"admin","base","Default","simple","","","","","","","","","","","","","","129","0","1","0","0","1","1","1","10000","1","1","","1","1","1","1","0","1","1.0000","0","0","1","1","0","164","0","","","","7","Black","","","","2021-02-05 20:10:39","","","","","","","","","","No","0","/a/t/atc9001_front_charcoalheatherblack_2_1.png","","","","","","","","","Dummy Product ","Dummy Product","Dummy Product","","","","Dummy Product","","","","Block after Info Column","","119.000000","","Yes","Out of Stock","0","","","","Small","Dummy Product-Black-Small","/a/t/atc9001_front_charcoalheatherblack_2_1.png","","","","","Enabled","","","","","","/a/t/atc9001_front_charcoalheatherblack_2_1.png","Taxable Goods","/a/t/atc9001_front_charcoalheatherblack_2_1.png","","","2021-02-05 20:10:39","dummy-product","dummy-product","Not Visible Individually","2.330000",
"admin","base","Default","simple","","","","","","","","","","","","","","129","0","1","0","0","1","1","1","10000","1","1","","1","1","1","1","0","1","1.0000","0","0","1","1","0","165","0","","","","7","Black","","","","2021-02-05 20:10:52","","","","","","","","","","No","0","/a/t/atc9001_front_charcoalheatherblack_2_2.png","","","","","","","","","Dummy Product ","Dummy Product","Dummy Product","","","","Dummy Product","","","","Block after Info Column","","119.000000","","Yes","Out of Stock","0","","","","Medium","Dummy Product-Black-Medium","/a/t/atc9001_front_charcoalheatherblack_2_2.png","","","","","Enabled","","","","","","/a/t/atc9001_front_charcoalheatherblack_2_2.png","Taxable Goods","/a/t/atc9001_front_charcoalheatherblack_2_2.png","","","2021-02-05 20:10:52","dummy-product","dummy-product","Not Visible Individually","2.330000",
"admin","base","Default","simple","","","","","","","","","","","","","","129","0","1","0","0","1","1","1","10000","1","1","","1","1","1","1","0","1","1.0000","0","0","1","1","0","167","0","","","","7","Black","","","","2021-02-05 20:11:44","","","","","","","","","","No","0","/a/t/atc9001_front_charcoalheatherblack_2_4.png","","","","","","","","","Dummy Product ","Dummy Product","Dummy Product","","","","Dummy Product","","","","Block after Info Column","","119.000000","","Yes","Out of Stock","0","","","","Xtra Large","Dummy Product-Black-Xtra Large","/a/t/atc9001_front_charcoalheatherblack_2_4.png","","","","","Enabled","","","","","","/a/t/atc9001_front_charcoalheatherblack_2_4.png","Taxable Goods","/a/t/atc9001_front_charcoalheatherblack_2_4.png","","","2021-02-05 20:11:44","dummy-product","dummy-product","Not Visible Individually","2.330000",
"admin","base","Default","simple","","","","","","","","","","","","","","129","0","1","0","0","1","1","1","10000","1","1","","1","1","1","1","0","1","1.0000","0","0","1","1","0","168","0","","","","7","Black","","","","2021-02-05 20:11:57","","","","","","","","","","No","0","/a/t/atc9001_front_charcoalheatherblack_2_5.png","","","","","","","","","Dummy Product ","Dummy Product","Dummy Product","","","","Dummy Product","","","","Block after Info Column","","119.000000","","Yes","Out of Stock","0","","","","2X Large","Dummy Product-Black-2X Large","/a/t/atc9001_front_charcoalheatherblack_2_5.png","","","","","Enabled","","","","","","/a/t/atc9001_front_charcoalheatherblack_2_5.png","Taxable Goods","/a/t/atc9001_front_charcoalheatherblack_2_5.png","","","2021-02-05 20:11:57","dummy-product","dummy-product","Not Visible Individually","2.330000",
"admin","base","Default","configurable","","","","","Dummy Product,Dummy Product-Navy-Medium,Dummy Product-Navy-Large,Dummy Product-Navy-Xtra Large,Dummy Product-Navy-2X Large,Dummy Product-Black-Small,Dummy Product-Black-Medium,Dummy Product-Black-Xtra Large,Dummy Product-Black-2X Large,","color,size","","","","","","","","0","0","1","0","0","1","1","1","10000","1","1","","1","1","1","1","0","1","1.0000","0","0","1","1","0","169","0","Dummy Product=color=Navy,Dummy Product-Navy-Medium=color=Navy,Dummy Product-Navy-Large=color=Navy,Dummy Product-Navy-Xtra Large=color=Navy,Dummy Product-Navy-2X Large=color=Navy,Dummy Product-Black-Small=color=Black,Dummy Product-Black-Medium=color=Black,Dummy Product-Black-Xtra Large=color=Black,Dummy Product-Black-2X Large=color=Black,Dummy Product=size=Small,Dummy Product-Navy-Medium=size=Medium,Dummy Product-Navy-Large=size=Large,Dummy Product-Navy-Xtra Large=size=Xtra Large,Dummy Product-Navy-2X Large=size=2X Large,Dummy Product-Black-Small=size=Small,Dummy Product-Black-Medium=size=Medium,Dummy Product-Black-Xtra Large=size=Xtra Large,Dummy Product-Black-2X Large=size=2X Large","","","7","","","","","2021-02-05 20:12:18","","","","","","","4","","/b/a/back.png","Use config","1","/a/t/atc5050_form_front_gold_112017.png","","2","","","","","","","Dummy Product ","Dummy Product","Dummy Product","","","Use config","Dummy Product","","","","Block after Info Column","","","","Yes","Out of Stock","1","","","","","Dummy Product-2","/a/t/atc5050_form_front_gold_112017.png","","","","","Enabled","","","","","","","Taxable Goods","/a/t/atc5050_form_front_gold_112017.png","","4","2021-02-10 12:09:13","dummy-product","dummy-product","Catalog, Search","2.330000",
"admin","base","Default","virtual","","","","32000=6=23.270000|32000=12=22.780000|32000=24=22.050000|32000=48=19.600000|32000=72=17.150000|32000=249=14.700000|32000=250=13.490000","","","","","","","","","","100","0","1","0","0","1","1","1","10000","1","","","1","1","1","1","1","1","0.0000","0","0","1","1","1","230","0","","","","","","","","","2021-02-09 10:24:58","","","","","","","4","<ul><li>56/42/2 polyester/cotton/spandex</li><li>Structured, mid-profile, six-panel</li><li>Pre-curved visor</li><li>Comfort stretch</li></ul><p>S/M (7 - 7 1/4&quot;) L/XL (&nbsp;7 - 7 5/8&quot;)</p>","/7/1/71399_b_fm_30.jpg,/7/1/71399_d_fm_19.jpg,/7/1/71399_f_fm_17.jpg,/7/1/71399_fm_17.jpg","","0","/7/1/7180_fm_30.jpg","","1 , 2 , 3 , 4 , 5 , 6","","","","","","","","","","","","Use config","Fitted Trucker with R-Flex","","","","Block after Info Column","","24.500000","","","Out of Stock","0","","","","","B90195501","no_selection","","","","","Enabled","","","","","","/7/1/7180_fm_30.jpg","Taxable Goods","/7/1/7180_fm_30.jpg","","1 , 2 , 3 , 4","2021-02-09 10:25:05","fitted-trucker-with-r-flex","fitted-trucker-with-r-flex","Not Visible Individually","0.256944",
"admin","base","Default","virtual","","","","32000=6=23.270000|32000=12=22.780000|32000=24=22.050000|32000=48=19.600000|32000=72=17.150000|32000=249=14.700000|32000=250=13.490000","","","","","","","","","","100","0","1","0","0","1","1","1","10000","1","","","1","1","1","1","1","1","0.0000","0","0","1","1","1","231","0","","","","","","","","","2021-02-09 10:25:29","","","","","","","4","<ul><li>56/42/2 polyester/cotton/spandex</li><li>Structured, mid-profile, six-panel</li><li>Pre-curved visor</li><li>Comfort stretch</li></ul><p>S/M (7 - 7 1/4&quot;) L/XL (&nbsp;7 - 7 5/8&quot;)</p>","/7/1/71399_b_fm_31.jpg,/7/1/71399_d_fm_20.jpg,/7/1/71399_f_fm_18.jpg,/7/1/71399_fm_18.jpg","","0","/7/1/7180_fm_31.jpg","","1 , 2 , 3 , 4 , 5 , 6","","","","","","","","","","","","Use config","Fitted Trucker with R-Flex","","","","Block after Info Column","","24.500000","","","Out of Stock","0","","","","","B90195503","no_selection","","","","","Enabled","","","","","","/7/1/7180_fm_31.jpg","Taxable Goods","/7/1/7180_fm_31.jpg","","1 , 2 , 3 , 4","2021-02-09 10:25:35","fitted-trucker-with-r-flex","fitted-trucker-with-r-flex","","0.256944",
"admin","base","Default","virtual","","","","32000=6=23.270000|32000=12=22.780000|32000=24=22.050000|32000=48=19.600000|32000=72=17.150000|32000=249=14.700000|32000=250=13.490000","","","","","","","","","","100","0","1","0","0","1","1","1","10000","1","","","1","1","1","1","1","1","0.0000","0","0","1","1","1","232","0","","","","","","","","","2021-02-09 10:25:59","","","","","","","4","<ul><li>56/42/2 polyester/cotton/spandex</li><li>Structured, mid-profile, six-panel</li><li>Pre-curved visor</li><li>Comfort stretch</li></ul><p>S/M (7 - 7 1/4&quot;) L/XL (&nbsp;7 - 7 5/8&quot;)</p>","/7/1/71374_fm_4.jpg,/7/1/71374_d_fm_4.jpg,/7/1/71374_b_fm_4.jpg,/7/1/71374_f_fm_4.jpg","","0","/1/0/10666_fm_14.jpg","","1 , 2 , 3 , 4 , 5 , 6","","","","","","","","","","","","Use config","Fitted Trucker with R-Flex","","","","Block after Info Column","","24.500000","","","Out of Stock","0","","","","","B90195361","no_selection","","","","","Enabled","","","","","","/1/0/10666_fm_14.jpg","Taxable Goods","/1/0/10666_fm_14.jpg","","1 , 2 , 3 , 4","2021-02-09 10:26:06","fitted-trucker-with-r-flex","fitted-trucker-with-r-flex","","0.256944",
"admin","base","Default","virtual","","","","32000=6=23.270000|32000=12=22.780000|32000=24=22.050000|32000=48=19.600000|32000=72=17.150000|32000=249=14.700000|32000=250=13.490000","","","","","","","","","","100","0","1","0","0","1","1","1","10000","1","","","1","1","1","1","1","1","0.0000","0","0","1","1","1","233","0","","","","","","","","","2021-02-09 10:26:29","","","","","","","4","<ul><li>56/42/2 polyester/cotton/spandex</li><li>Structured, mid-profile, six-panel</li><li>Pre-curved visor</li><li>Comfort stretch</li></ul><p>S/M (7 - 7 1/4&quot;) L/XL (&nbsp;7 - 7 5/8&quot;)</p>","/7/1/71374_fm_5.jpg,/7/1/71374_d_fm_5.jpg,/7/1/71374_b_fm_5.jpg,/7/1/71374_f_fm_5.jpg","","0","/1/0/10666_fm_15.jpg","","1 , 2 , 3 , 4 , 5 , 6","","","","","","","","","","","","Use config","Fitted Trucker with R-Flex","","","","Block after Info Column","","24.500000","","","Out of Stock","0","","","","","B90195363","no_selection","","","","","Enabled","","","","","","/1/0/10666_fm_15.jpg","Taxable Goods","/1/0/10666_fm_15.jpg","","1 , 2 , 3 , 4","2021-02-09 10:26:34","fitted-trucker-with-r-flex","fitted-trucker-with-r-flex","","0.256944",
"admin","base","Default","virtual","","","","32000=6=23.270000|32000=12=22.780000|32000=24=22.050000|32000=48=19.600000|32000=72=17.150000|32000=249=14.700000|32000=250=13.490000","","","","","","","","","","100","0","1","0","0","1","1","1","10000","1","","","1","1","1","1","1","1","0.0000","0","0","1","1","1","234","0","","","","","","","","","2021-02-09 10:26:58","","","","","","","4","<ul><li>56/42/2 polyester/cotton/spandex</li><li>Structured, mid-profile, six-panel</li><li>Pre-curved visor</li><li>Comfort stretch</li></ul><p>S/M (7 - 7 1/4&quot;) L/XL (&nbsp;7 - 7 5/8&quot;)</p>","/7/1/71381_b_fm_4.jpg,/7/1/71381_d_fm_4.jpg,/7/1/71381_f_fm_4.jpg,/7/1/71381_fm_4.jpg","","0","/1/3/13198_fm_14.jpg","","1 , 2 , 3 , 4 , 5 , 6","","","","","","","","","","","","Use config","Fitted Trucker with R-Flex","","","","Block after Info Column","","24.500000","","","Out of Stock","0","","","","","B90195511","no_selection","","","","","Enabled","","","","","","/1/3/13198_fm_14.jpg","Taxable Goods","/1/3/13198_fm_14.jpg","","1 , 2 , 3 , 4","2021-02-09 10:27:04","fitted-trucker-with-r-flex","fitted-trucker-with-r-flex","","0.256944",
"admin","base","Default","virtual","","","","32000=6=23.270000|32000=12=22.780000|32000=24=22.050000|32000=48=19.600000|32000=72=17.150000|32000=249=14.700000|32000=250=13.490000","","","","","","","","","","100","0","1","0","0","1","1","1","10000","1","","","1","1","1","1","1","1","0.0000","0","0","1","1","1","235","0","","","","","","","","","2021-02-09 10:27:30","","","","","","","4","<ul><li>56/42/2 polyester/cotton/spandex</li><li>Structured, mid-profile, six-panel</li><li>Pre-curved visor</li><li>Comfort stretch</li></ul><p>S/M (7 - 7 1/4&quot;) L/XL (&nbsp;7 - 7 5/8&quot;)</p>","/7/1/71381_b_fm_5.jpg,/7/1/71381_d_fm_5.jpg,/7/1/71381_f_fm_5.jpg,/7/1/71381_fm_5.jpg","","0","/1/3/13198_fm_15.jpg","","1 , 2 , 3 , 4 , 5 , 6","","","","","","","","","","","","Use config","Fitted Trucker with R-Flex","","","","Block after Info Column","","24.500000","","","Out of Stock","0","","","","","B90195513","no_selection","","","","","Enabled","","","","","","/1/3/13198_fm_15.jpg","Taxable Goods","/1/3/13198_fm_15.jpg","","1 , 2 , 3 , 4","2021-02-09 10:27:36","fitted-trucker-with-r-flex","fitted-trucker-with-r-flex","","0.256944",
"admin","base","Default","virtual","","","","32000=6=23.270000|32000=12=22.780000|32000=24=22.050000|32000=48=19.600000|32000=72=17.150000|32000=249=14.700000|32000=250=13.490000","","","","","","","","","","100","0","1","0","0","1","1","1","10000","1","","","1","1","1","1","1","1","0.0000","0","0","1","1","1","236","0","","","","","","","","","2021-02-09 10:27:59","","","","","","","4","<ul><li>56/42/2 polyester/cotton/spandex</li><li>Structured, mid-profile, six-panel</li><li>Pre-curved visor</li><li>Comfort stretch</li></ul><p>S/M (7 - 7 1/4&quot;) L/XL (&nbsp;7 - 7 5/8&quot;)</p>","/7/1/71383_b_fm_4.jpg,/7/1/71383_d_fm_4.jpg,/7/1/71383_f_fm_4.jpg,/7/1/71383_fm_4.jpg","","0","/1/3/13157_fm_14.jpg","","1 , 2 , 3 , 4 , 5 , 6","","","","","","","","","","","","Use config","Fitted Trucker with R-Flex","","","","Block after Info Column","","24.500000","","","Out of Stock","0","","","","","B90195571","no_selection","","","","","Enabled","","","","","","/1/3/13157_fm_14.jpg","Taxable Goods","/1/3/13157_fm_14.jpg","","1 , 2 , 3 , 4","2021-02-09 10:28:08","fitted-trucker-with-r-flex","fitted-trucker-with-r-flex","","0.256944",
"admin","base","Default","virtual","","","","32000=6=23.270000|32000=12=22.780000|32000=24=22.050000|32000=48=19.600000|32000=72=17.150000|32000=249=14.700000|32000=250=13.490000","","","","","","","","","","100","0","1","0","0","1","1","1","10000","1","","","1","1","1","1","1","1","0.0000","0","0","1","1","1","237","0","","","","","","","","","2021-02-09 10:28:33","","","","","","","4","<ul><li>56/42/2 polyester/cotton/spandex</li><li>Structured, mid-profile, six-panel</li><li>Pre-curved visor</li><li>Comfort stretch</li></ul><p>S/M (7 - 7 1/4&quot;) L/XL (&nbsp;7 - 7 5/8&quot;)</p>","/7/1/71383_b_fm_5.jpg,/7/1/71383_d_fm_5.jpg,/7/1/71383_f_fm_5.jpg,/7/1/71383_fm_5.jpg","","0","/1/3/13157_fm_15.jpg","","1 , 2 , 3 , 4 , 5 , 6","","","","","","","","","","","","Use config","Fitted Trucker with R-Flex","","","","Block after Info Column","","24.500000","","","Out of Stock","0","","","","","B90195573","no_selection","","","","","Enabled","","","","","","/1/3/13157_fm_15.jpg","Taxable Goods","/1/3/13157_fm_15.jpg","","1 , 2 , 3 , 4","2021-02-09 10:28:40","fitted-trucker-with-r-flex","fitted-trucker-with-r-flex","","0.256944",
"admin","base","Default","virtual","","","","32000=6=23.270000|32000=12=22.780000|32000=24=22.050000|32000=48=19.600000|32000=72=17.150000|32000=249=14.700000|32000=250=13.490000","","","","","","","","","","100","0","1","0","0","1","1","1","10000","1","","","1","1","1","1","1","1","0.0000","0","0","1","1","1","238","0","","","","","","","","","2021-02-09 10:29:04","","","","","","","4","<ul><li>56/42/2 polyester/cotton/spandex</li><li>Structured, mid-profile, six-panel</li><li>Pre-curved visor</li><li>Comfort stretch</li></ul><p>S/M (7 - 7 1/4&quot;) L/XL (&nbsp;7 - 7 5/8&quot;)</p>","/7/1/71384_fm_4.jpg,/7/1/71384_b_fm_4.jpg,/7/1/71384_d_fm_4.jpg,/7/1/71384_f_fm_4.jpg","","0","/1/3/13160_fm_14.jpg","","1 , 2 , 3 , 4 , 5 , 6","","","","","","","","","","","","Use config","Fitted Trucker with R-Flex","","","","Block after Info Column","","24.500000","","","Out of Stock","0","","","","","B90195581","no_selection","","","","","Enabled","","","","","","/1/3/13160_fm_14.jpg","Taxable Goods","/1/3/13160_fm_14.jpg","","1 , 2 , 3 , 4","2021-02-09 10:29:16","fitted-trucker-with-r-flex","fitted-trucker-with-r-flex","","0.256944",
"admin","base","Default","virtual","","","","32000=6=23.270000|32000=12=22.780000|32000=24=22.050000|32000=48=19.600000|32000=72=17.150000|32000=249=14.700000|32000=250=13.490000","","","","","","","","","","100","0","1","0","0","1","1","1","10000","1","","","1","1","1","1","1","1","0.0000","0","0","1","1","1","239","0","","","","","","","","","2021-02-09 10:29:39","","","","","","","4","<ul><li>56/42/2 polyester/cotton/spandex</li><li>Structured, mid-profile, six-panel</li><li>Pre-curved visor</li><li>Comfort stretch</li></ul><p>S/M (7 - 7 1/4&quot;) L/XL (&nbsp;7 - 7 5/8&quot;)</p>","/7/1/71384_fm_5.jpg,/7/1/71384_b_fm_5.jpg,/7/1/71384_d_fm_5.jpg,/7/1/71384_f_fm_5.jpg","","0","/1/3/13160_fm_15.jpg","","1 , 2 , 3 , 4 , 5 , 6","","","","","","","","","","","","Use config","Fitted Trucker with R-Flex","","","","Block after Info Column","","24.500000","","","Out of Stock","0","","","","","B90195583","no_selection","","","","","Enabled","","","","","","/1/3/13160_fm_15.jpg","Taxable Goods","/1/3/13160_fm_15.jpg","","1 , 2 , 3 , 4","2021-02-09 10:29:46","fitted-trucker-with-r-flex","fitted-trucker-with-r-flex","","0.256944",
"admin","base","Default","virtual","","","","32000=6=23.270000|32000=12=22.780000|32000=24=22.050000|32000=48=19.600000|32000=72=17.150000|32000=249=14.700000|32000=250=13.490000","","","","","","","","","","100","0","1","0","0","1","1","1","10000","1","","","1","1","1","1","1","1","0.0000","0","0","1","1","1","240","0","","","","","","","","","2021-02-09 10:30:09","","","","","","","4","<ul><li>56/42/2 polyester/cotton/spandex</li><li>Structured, mid-profile, six-panel</li><li>Pre-curved visor</li><li>Comfort stretch</li></ul><p>S/M (7 - 7 1/4&quot;) L/XL (&nbsp;7 - 7 5/8&quot;)</p>","/7/1/71387_fm_4.jpg,/7/1/71387_b_fm_4.jpg,/7/1/71387_d_fm_4.jpg,/7/1/71387_f_fm_4.jpg","","0","/1/5/15642_fm_14.jpg","","1 , 2 , 3 , 4 , 5 , 6","","","","","","","","","","","","Use config","Fitted Trucker with R-Flex","","","","Block after Info Column","","24.500000","","","Out of Stock","0","","","","","B90195641","no_selection","","","","","Enabled","","","","","","/1/5/15642_fm_14.jpg","Taxable Goods","/1/5/15642_fm_14.jpg","","1 , 2 , 3 , 4","2021-02-09 10:30:20","fitted-trucker-with-r-flex","fitted-trucker-with-r-flex","","0.256944",
"admin","base","Default","virtual","","","","32000=6=23.270000|32000=12=22.780000|32000=24=22.050000|32000=48=19.600000|32000=72=17.150000|32000=249=14.700000|32000=250=13.490000","","","","","","","","","","100","0","1","0","0","1","1","1","10000","1","","","1","1","1","1","1","1","0.0000","0","0","1","1","1","241","0","","","","","","","","","2021-02-09 10:30:43","","","","","","","4","<ul><li>56/42/2 polyester/cotton/spandex</li><li>Structured, mid-profile, six-panel</li><li>Pre-curved visor</li><li>Comfort stretch</li></ul><p>S/M (7 - 7 1/4&quot;) L/XL (&nbsp;7 - 7 5/8&quot;)</p>","/7/1/71387_fm_5.jpg,/7/1/71387_b_fm_5.jpg,/7/1/71387_d_fm_5.jpg,/7/1/71387_f_fm_5.jpg","","0","/1/5/15642_fm_15.jpg","","1 , 2 , 3 , 4 , 5 , 6","","","","","","","","","","","","Use config","Fitted Trucker with R-Flex","","","","Block after Info Column","","24.500000","","","Out of Stock","0","","","","","B90195643","no_selection","","","","","Enabled","","","","","","/1/5/15642_fm_15.jpg","Taxable Goods","/1/5/15642_fm_15.jpg","","1 , 2 , 3 , 4","2021-02-09 10:30:48","fitted-trucker-with-r-flex","fitted-trucker-with-r-flex","","0.256944",
"admin","base","Default","virtual","","","","32000=6=23.270000|32000=12=22.780000|32000=24=22.050000|32000=48=19.600000|32000=72=17.150000|32000=249=14.700000|32000=250=13.490000","","","","","","","","","","100","0","1","0","0","1","1","1","10000","1","","","1","1","1","1","1","1","0.0000","0","0","1","1","1","242","0","","","","","","","","","2021-02-09 10:31:13","","","","","","","4","<ul><li>56/42/2 polyester/cotton/spandex</li><li>Structured, mid-profile, six-panel</li><li>Pre-curved visor</li><li>Comfort stretch</li></ul><p>S/M (7 - 7 1/4&quot;) L/XL (&nbsp;7 - 7 5/8&quot;)</p>","/7/1/71389_fm_4.jpg,/7/1/71389_b_fm_4.jpg,/7/1/71389_d_fm_4.jpg,/7/1/71389_f_fm_4.jpg","","0","/6/9/6957_fm_14.jpg","","1 , 2 , 3 , 4 , 5 , 6","","","","","","","","","","","","Use config","Fitted Trucker with R-Flex","","","","Block after Info Column","","24.500000","","","Out of Stock","0","","","","","B90195651","no_selection","","","","","Enabled","","","","","","/6/9/6957_fm_14.jpg","Taxable Goods","/6/9/6957_fm_14.jpg","","1 , 2 , 3 , 4","2021-02-09 10:31:19","fitted-trucker-with-r-flex","fitted-trucker-with-r-flex","","0.256944",
"admin","base","Default","virtual","","","","32000=6=23.270000|32000=12=22.780000|32000=24=22.050000|32000=48=19.600000|32000=72=17.150000|32000=249=14.700000|32000=250=13.490000","","","","","","","","","","96","0","1","0","0","1","1","1","10000","1","1","","1","1","1","1","0","1","1.0000","0","0","1","1","0","243","0","","","Nike","7","","","","","2021-02-09 10:31:43","","","","","","","4","<ul><li>56/42/2 polyester/cotton/spandex</li><li>Structured, mid-profile, six-panel</li><li>Pre-curved visor</li><li>Comfort stretch</li></ul><p>S/M (7 - 7 1/4&quot;) L/XL (&nbsp;7 - 7 5/8&quot;)</p>","/7/1/71389_fm_5.jpg,/7/1/71389_b_fm_5.jpg,/7/1/71389_d_fm_5.jpg,/7/1/71389_f_fm_5.jpg","No","0","/6/9/6957_fm_15.jpg","","1 , 2 , 3 , 4 , 5 , 6","","","","","","","","","","","","Use config","Fitted Trucker with R-Flex","","","","Block after Info Column","","24.500000","","Yes","Out of Stock","0","","","","Medium","B90195653","no_selection","","","","","Enabled","No","","Months","","","/6/9/6957_fm_15.jpg","Taxable Goods","/6/9/6957_fm_15.jpg","","1 , 2 , 3 , 4","2021-02-10 12:00:31","fitted-trucker-with-r-flex","fitted-trucker-with-r-flex","Catalog, Search","0.256944",
"admin","base","Default","virtual","","","","32000=6=23.270000|32000=12=22.780000|32000=24=22.050000|32000=48=19.600000|32000=72=17.150000|32000=249=14.700000|32000=250=13.490000","","","","","","","","","","100","0","1","0","0","1","1","1","10000","1","","","1","1","1","1","1","1","0.0000","0","0","1","1","1","244","0","","","","","","","","","2021-02-09 10:32:13","","","","","","","4","<ul><li>56/42/2 polyester/cotton/spandex</li><li>Structured, mid-profile, six-panel</li><li>Pre-curved visor</li><li>Comfort stretch</li></ul><p>S/M (7 - 7 1/4&quot;) L/XL (&nbsp;7 - 7 5/8&quot;)</p>","/6/7/67610_f_fm_4.jpg,/6/7/67610_fm_4.jpg,/6/7/67610_b_fm_4.jpg,/6/7/67610_d_fm_4.jpg","","0","/6/4/6411_fm_14.jpg","","1 , 2 , 3 , 4 , 5 , 6","","","","","","","","","","","","Use config","Fitted Trucker with R-Flex","","","","Block after Info Column","","24.500000","","","Out of Stock","0","","","","","B90195751","no_selection","","","","","Enabled","","","","","","/6/4/6411_fm_14.jpg","Taxable Goods","/6/4/6411_fm_14.jpg","","1 , 2 , 3 , 4","2021-02-09 10:32:19","fitted-trucker-with-r-flex","fitted-trucker-with-r-flex","","0.256944",
"admin","base","Default","virtual","","","","32000=6=23.270000|32000=12=22.780000|32000=24=22.050000|32000=48=19.600000|32000=72=17.150000|32000=249=14.700000|32000=250=13.490000","","","","","","","","","","100","0","1","0","0","1","1","1","10000","1","","","1","1","1","1","1","1","0.0000","0","0","1","1","1","245","0","","","","","","","","","2021-02-09 10:32:42","","","","","","","4","<ul><li>56/42/2 polyester/cotton/spandex</li><li>Structured, mid-profile, six-panel</li><li>Pre-curved visor</li><li>Comfort stretch</li></ul><p>S/M (7 - 7 1/4&quot;) L/XL (&nbsp;7 - 7 5/8&quot;)</p>","/6/7/67610_f_fm_5.jpg,/6/7/67610_fm_5.jpg,/6/7/67610_b_fm_5.jpg,/6/7/67610_d_fm_5.jpg","","0","/6/4/6411_fm_15.jpg","","1 , 2 , 3 , 4 , 5 , 6","","","","","","","","","","","","Use config","Fitted Trucker with R-Flex","","","","Block after Info Column","","24.500000","","","Out of Stock","0","","","","","B90195753","no_selection","","","","","Enabled","","","","","","/6/4/6411_fm_15.jpg","Taxable Goods","/6/4/6411_fm_15.jpg","","1 , 2 , 3 , 4","2021-02-09 10:32:48","fitted-trucker-with-r-flex","fitted-trucker-with-r-flex","","0.256944",
"admin","base","Default","virtual","","","","32000=6=23.270000|32000=12=22.780000|32000=24=22.050000|32000=48=19.600000|32000=72=17.150000|32000=249=14.700000|32000=250=13.490000","","","","","","","","","","100","0","1","0","0","1","1","1","10000","1","","","1","1","1","1","1","1","0.0000","0","0","1","1","1","246","0","","","","","","","","","2021-02-09 10:33:11","","","","","","","4","<ul><li>56/42/2 polyester/cotton/spandex</li><li>Structured, mid-profile, six-panel</li><li>Pre-curved visor</li><li>Comfort stretch</li></ul><p>S/M (7 - 7 1/4&quot;) L/XL (&nbsp;7 - 7 5/8&quot;)</p>","/7/1/71400_fm_4.jpg,/7/1/71400_b_fm_4.jpg,/7/1/71400_d_fm_4.jpg,/7/1/71400_f_fm_4.jpg","","0","/5/5/5546_fm_14.jpg","","1 , 2 , 3 , 4 , 5 , 6","","","","","","","","","","","","Use config","Fitted Trucker with R-Flex","","","","Block after Info Column","","24.500000","","","Out of Stock","0","","","","","B90195001","no_selection","","","","","Enabled","","","","","","/5/5/5546_fm_14.jpg","Taxable Goods","/5/5/5546_fm_14.jpg","","1 , 2 , 3 , 4","2021-02-09 10:33:18","fitted-trucker-with-r-flex","fitted-trucker-with-r-flex","","0.256944",
"admin","base","Default","configurable","","","","32000=6=23.270000|32000=12=22.780000|32000=24=22.050000|32000=48=19.600000|32000=72=17.150000|32000=249=14.700000|32000=250=13.490000","B90195003-Heather Grey/ Royal-Medium,B90195003-Charcoal/ Black-Medium,","color,size","","","","","","","","0","0","1","0","0","1","1","1","10000","1","","","1","1","1","1","1","1","1.0000","0","0","1","1","1","247","0","B90195003-Heather Grey/ Royal-Medium=color=Heather Grey/ Royal,B90195003-Charcoal/ Black-Medium=color=Charcoal/ Black,B90195003-Heather Grey/ Royal-Medium=size=Medium,B90195003-Charcoal/ Black-Medium=size=Medium","","","7","","","","","2021-02-09 10:33:42","","","","","","","4","<ul><li>56/42/2 polyester/cotton/spandex</li><li>Structured, mid-profile, six-panel</li><li>Pre-curved visor</li><li>Comfort stretch</li></ul><p>S/M (7 - 7 1/4&quot;) L/XL (&nbsp;7 - 7 5/8&quot;)</p>","/7/1/71400_fm_5.jpg,/7/1/71400_b_fm_5.jpg,/7/1/71400_d_fm_5.jpg,/7/1/71400_f_fm_5.jpg","No","1","/5/5/5546_fm_15.jpg","","1 , 2 , 3 , 4 , 5 , 6","","","","","","","","","","","","Use config","Fitted Trucker with R-Flex","","","","Block after Info Column","","","","Yes","Out of Stock","1","","","","","B90195003","no_selection","","","","","Enabled","","","","","","/5/5/5546_fm_15.jpg","Taxable Goods","/5/5/5546_fm_15.jpg","","1 , 2 , 3 , 4","2021-02-19 18:34:53","fitted-trucker-with-r-flex","fitted-trucker-with-r-flex","Not Visible Individually","0.256944",
"admin","base","Default","virtual","","","","32000=6=23.270000|32000=12=22.780000|32000=24=22.050000|32000=48=19.600000|32000=72=17.150000|32000=249=14.700000|32000=250=13.490000","","","","","","","","","","122","0","1","0","0","1","1","1","10000","1","","","1","1","1","1","0","1","1.0000","0","0","1","1","0","249","0","","","","7","Heather Grey/ Royal","","","","2021-02-19 18:34:39","","","","","","","4","<ul><li>56/42/2 polyester/cotton/spandex</li><li>Structured, mid-profile, six-panel</li><li>Pre-curved visor</li><li>Comfort stretch</li></ul><p>S/M (7 - 7 1/4&quot;) L/XL (&nbsp;7 - 7 5/8&quot;)</p>","","No","0","/a/t/atc9001_front_whitetrueroyal_1.png","","1 , 2 , 3 , 4 , 5 , 6","","","","","","","","","","","","Use config","Fitted Trucker with R-Flex-Heather Grey/ Royal-Medium","","","","Block after Info Column","","122.000000","","Yes","Out of Stock","0","","","","Medium","B90195003-Heather Grey/ Royal-Medium","/a/t/atc9001_front_whitetrueroyal_1.png","","","","","Enabled","No","","Months","","","/a/t/atc9001_front_whitetrueroyal_1.png","Taxable Goods","/a/t/atc9001_front_whitetrueroyal_1.png","","1 , 2 , 3 , 4","2021-02-19 18:34:39","fitted-trucker-with-r-flex-heather-grey-royal-medium","fitted-trucker-with-r-flex-heather-grey-royal-medium","Not Visible Individually","",
"admin","base","Default","virtual","","","","32000=6=23.270000|32000=12=22.780000|32000=24=22.050000|32000=48=19.600000|32000=72=17.150000|32000=249=14.700000|32000=250=13.490000","","","","","","","","","","122","0","1","0","0","1","1","1","10000","1","","","1","1","1","1","0","1","1.0000","0","0","1","1","0","250","0","","","","7","Charcoal/ Black","","","","2021-02-19 18:34:47","","","","","","","4","<ul><li>56/42/2 polyester/cotton/spandex</li><li>Structured, mid-profile, six-panel</li><li>Pre-curved visor</li><li>Comfort stretch</li></ul><p>S/M (7 - 7 1/4&quot;) L/XL (&nbsp;7 - 7 5/8&quot;)</p>","","No","0","/a/t/atc9001_front_whitetrueroyal_2.png","","1 , 2 , 3 , 4 , 5 , 6","","","","","","","","","","","","Use config","Fitted Trucker with R-Flex-Charcoal/ Black-Medium","","","","Block after Info Column","","122.000000","","Yes","Out of Stock","0","","","","Medium","B90195003-Charcoal/ Black-Medium","/a/t/atc9001_front_whitetrueroyal_2.png","","","","","Enabled","No","","Months","","","/a/t/atc9001_front_whitetrueroyal_2.png","Taxable Goods","/a/t/atc9001_front_whitetrueroyal_2.png","","1 , 2 , 3 , 4","2021-02-19 18:34:47","fitted-trucker-with-r-flex-charcoal-black-medium","fitted-trucker-with-r-flex-charcoal-black-medium","Not Visible Individually","",
